article_id,title,content,source,published_at,url,language,expected_domain,split
fdeaee4da5d4,Parliament backs election finance reform plan Snapshot,"Government lawmakers approved an election finance package after a long parliament debate on campaign funding, voter transparency, coalition strategy, and policy oversight. Campaign advisers expanded voter outreach and debate planning across multiple constituencies.",BBC Archive,2026-02-18T08:00:00+00:00,https://dataset.local/parliament-backs-election-finance-reform-plan-snapshot,en,Politics,train
1ecfd0018875,Parliament backs election finance reform plan Outlook,"Government lawmakers approved an election finance package after a long parliament debate on campaign funding, voter transparency, coalition strategy, and policy oversight. Coalition negotiators tracked polling shifts and legislative messaging ahead of the next vote.",BBC Archive,2026-02-28T08:00:00+00:00,https://dataset.local/parliament-backs-election-finance-reform-plan-outlook,en,Politics,train
c747d18caf64,Parliament backs election finance reform plan Watch,"Government lawmakers approved an election finance package after a long parliament debate on campaign funding, voter transparency, coalition strategy, and policy oversight. Election observers monitored turnout expectations, oversight reforms, and cabinet coordination.",BBC Archive,2026-03-10T08:00:00+00:00,https://dataset.local/parliament-backs-election-finance-reform-plan-watch,en,Politics,train
e439b2bb3ba6,Parliament backs election finance reform plan Briefing,"Government lawmakers approved an election finance package after a long parliament debate on campaign funding, voter transparency, coalition strategy, and policy oversight. Policy teams measured public reaction, parliament strategy, and party alliance discipline.",BBC Archive,2026-03-20T08:00:00+00:00,https://dataset.local/parliament-backs-election-finance-reform-plan-briefing,en,Politics,validation
3a3d3271d0db,Cabinet outlines new industrial policy after budget session Snapshot,"Ministers said the industrial policy will support manufacturing, regional jobs, export growth, and infrastructure while opposition leaders demanded stricter accountability from government agencies. Campaign advisers expanded voter outreach and debate planning across multiple constituencies.",BBC Archive,2026-02-19T09:15:00+00:00,https://dataset.local/cabinet-outlines-new-industrial-policy-after-budget-session-snapshot,en,Politics,train
fe2c0ae21b22,Cabinet outlines new industrial policy after budget session Outlook,"Ministers said the industrial policy will support manufacturing, regional jobs, export growth, and infrastructure while opposition leaders demanded stricter accountability from government agencies. Coalition negotiators tracked polling shifts and legislative messaging ahead of the next vote.",BBC Archive,2026-03-01T09:15:00+00:00,https://dataset.local/cabinet-outlines-new-industrial-policy-after-budget-session-outlook,en,Politics,train
89bddcc59774,Cabinet outlines new industrial policy after budget session Watch,"Ministers said the industrial policy will support manufacturing, regional jobs, export growth, and infrastructure while opposition leaders demanded stricter accountability from government agencies. Election observers monitored turnout expectations, oversight reforms, and cabinet coordination.",BBC Archive,2026-03-11T09:15:00+00:00,https://dataset.local/cabinet-outlines-new-industrial-policy-after-budget-session-watch,en,Politics,train
9d52a759c099,Cabinet outlines new industrial policy after budget session Briefing,"Ministers said the industrial policy will support manufacturing, regional jobs, export growth, and infrastructure while opposition leaders demanded stricter accountability from government agencies. Policy teams measured public reaction, parliament strategy, and party alliance discipline.",BBC Archive,2026-03-21T09:15:00+00:00,https://dataset.local/cabinet-outlines-new-industrial-policy-after-budget-session-briefing,en,Politics,validation
816370cf3881,Regional leaders push coalition talks ahead of national vote Snapshot,"Party officials accelerated coalition negotiations, election outreach, and legislative messaging as polling tightened before the national vote and parliament reconvened. Campaign advisers expanded voter outreach and debate planning across multiple constituencies.",Reuters Archive,2026-02-21T10:00:00+00:00,https://dataset.local/regional-leaders-push-coalition-talks-ahead-of-national-vote-snapshot,en,Politics,train
be1e4a1af534,Regional leaders push coalition talks ahead of national vote Outlook,"Party officials accelerated coalition negotiations, election outreach, and legislative messaging as polling tightened before the national vote and parliament reconvened. Coalition negotiators tracked polling shifts and legislative messaging ahead of the next vote.",Reuters Archive,2026-03-03T10:00:00+00:00,https://dataset.local/regional-leaders-push-coalition-talks-ahead-of-national-vote-outlook,en,Politics,train
ce4dac216121,Regional leaders push coalition talks ahead of national vote Watch,"Party officials accelerated coalition negotiations, election outreach, and legislative messaging as polling tightened before the national vote and parliament reconvened. Election observers monitored turnout expectations, oversight reforms, and cabinet coordination.",Reuters Archive,2026-03-13T10:00:00+00:00,https://dataset.local/regional-leaders-push-coalition-talks-ahead-of-national-vote-watch,en,Politics,train
932d35839358,Regional leaders push coalition talks ahead of national vote Briefing,"Party officials accelerated coalition negotiations, election outreach, and legislative messaging as polling tightened before the national vote and parliament reconvened. Policy teams measured public reaction, parliament strategy, and party alliance discipline.",Reuters Archive,2026-03-23T10:00:00+00:00,https://dataset.local/regional-leaders-push-coalition-talks-ahead-of-national-vote-briefing,en,Politics,validation
539a8a359320,Senate committee reviews cyber policy and digital regulation Snapshot,"The senate committee examined cybersecurity rules, digital platform regulation, public data protection, and cross-border policy coordination with technology regulators. Campaign advisers expanded voter outreach and debate planning across multiple constituencies.",CNN Archive,2026-02-24T12:00:00+00:00,https://dataset.local/senate-committee-reviews-cyber-policy-and-digital-regulation-snapshot,en,Politics,train
977001cbca80,Senate committee reviews cyber policy and digital regulation Outlook,"The senate committee examined cybersecurity rules, digital platform regulation, public data protection, and cross-border policy coordination with technology regulators. Coalition negotiators tracked polling shifts and legislative messaging ahead of the next vote.",CNN Archive,2026-03-06T12:00:00+00:00,https://dataset.local/senate-committee-reviews-cyber-policy-and-digital-regulation-outlook,en,Politics,train
ed4779270f40,Senate committee reviews cyber policy and digital regulation Watch,"The senate committee examined cybersecurity rules, digital platform regulation, public data protection, and cross-border policy coordination with technology regulators. Election observers monitored turnout expectations, oversight reforms, and cabinet coordination.",CNN Archive,2026-03-16T12:00:00+00:00,https://dataset.local/senate-committee-reviews-cyber-policy-and-digital-regulation-watch,en,Politics,train
2c1770b09bad,Senate committee reviews cyber policy and digital regulation Briefing,"The senate committee examined cybersecurity rules, digital platform regulation, public data protection, and cross-border policy coordination with technology regulators. Policy teams measured public reaction, parliament strategy, and party alliance discipline.",CNN Archive,2026-03-26T12:00:00+00:00,https://dataset.local/senate-committee-reviews-cyber-policy-and-digital-regulation-briefing,en,Politics,validation
47c2c4335e62,National team seals cricket series after dominant chase Snapshot,"The cricket team completed a dominant chase with late boundary hitting, disciplined bowling, and sharp fielding as the match crowd celebrated the series-clinching score. Performance analysts reviewed match tempo, player recovery, and tournament preparation metrics.",BBC Archive,2026-02-18T14:30:00+00:00,https://dataset.local/national-team-seals-cricket-series-after-dominant-chase-snapshot,en,Sports,train
974c82808212,National team seals cricket series after dominant chase Outlook,"The cricket team completed a dominant chase with late boundary hitting, disciplined bowling, and sharp fielding as the match crowd celebrated the series-clinching score. Coaches adjusted training intensity, squad rotation, and tactical shape before the next fixture.",BBC Archive,2026-02-28T14:30:00+00:00,https://dataset.local/national-team-seals-cricket-series-after-dominant-chase-outlook,en,Sports,train
6b87e7a40aba,National team seals cricket series after dominant chase Watch,"The cricket team completed a dominant chase with late boundary hitting, disciplined bowling, and sharp fielding as the match crowd celebrated the series-clinching score. Broadcast partners highlighted fan engagement, score momentum, and sponsorship impact.",BBC Archive,2026-03-10T14:30:00+00:00,https://dataset.local/national-team-seals-cricket-series-after-dominant-chase-watch,en,Sports,train
e06c08f7ca85,National team seals cricket series after dominant chase Briefing,"The cricket team completed a dominant chase with late boundary hitting, disciplined bowling, and sharp fielding as the match crowd celebrated the series-clinching score. Team staff monitored workload balance, injury prevention, and knockout-stage readiness.",BBC Archive,2026-03-20T14:30:00+00:00,https://dataset.local/national-team-seals-cricket-series-after-dominant-chase-briefing,en,Sports,validation
4eb46fc51f6c,Coach praises young squad after dramatic football comeback Snapshot,"The football coach praised the young squad after a dramatic league comeback driven by pressing, midfield control, and a stoppage-time goal that lifted team morale. Performance analysts reviewed match tempo, player recovery, and tournament preparation metrics.",CNN Archive,2026-02-20T18:10:00+00:00,https://dataset.local/coach-praises-young-squad-after-dramatic-football-comeback-snapshot,en,Sports,train
0f6682a283cb,Coach praises young squad after dramatic football comeback Outlook,"The football coach praised the young squad after a dramatic league comeback driven by pressing, midfield control, and a stoppage-time goal that lifted team morale. Coaches adjusted training intensity, squad rotation, and tactical shape before the next fixture.",CNN Archive,2026-03-02T18:10:00+00:00,https://dataset.local/coach-praises-young-squad-after-dramatic-football-comeback-outlook,en,Sports,train
73edef9018a3,Coach praises young squad after dramatic football comeback Watch,"The football coach praised the young squad after a dramatic league comeback driven by pressing, midfield control, and a stoppage-time goal that lifted team morale. Broadcast partners highlighted fan engagement, score momentum, and sponsorship impact.",CNN Archive,2026-03-12T18:10:00+00:00,https://dataset.local/coach-praises-young-squad-after-dramatic-football-comeback-watch,en,Sports,train
4920491816aa,Coach praises young squad after dramatic football comeback Briefing,"The football coach praised the young squad after a dramatic league comeback driven by pressing, midfield control, and a stoppage-time goal that lifted team morale. Team staff monitored workload balance, injury prevention, and knockout-stage readiness.",CNN Archive,2026-03-22T18:10:00+00:00,https://dataset.local/coach-praises-young-squad-after-dramatic-football-comeback-briefing,en,Sports,validation
0dce0382cd10,Analysts track player workload before major tournament Snapshot,"Sports analysts reviewed training data, player workload, injury management, and tournament rotation plans as the coaching staff prepared for knockout matches. Performance analysts reviewed match tempo, player recovery, and tournament preparation metrics.",Reuters Archive,2026-02-23T07:45:00+00:00,https://dataset.local/analysts-track-player-workload-before-major-tournament-snapshot,en,Sports,train
a83a13597125,Analysts track player workload before major tournament Outlook,"Sports analysts reviewed training data, player workload, injury management, and tournament rotation plans as the coaching staff prepared for knockout matches. Coaches adjusted training intensity, squad rotation, and tactical shape before the next fixture.",Reuters Archive,2026-03-05T07:45:00+00:00,https://dataset.local/analysts-track-player-workload-before-major-tournament-outlook,en,Sports,train
a25f46371da0,Analysts track player workload before major tournament Watch,"Sports analysts reviewed training data, player workload, injury management, and tournament rotation plans as the coaching staff prepared for knockout matches. Broadcast partners highlighted fan engagement, score momentum, and sponsorship impact.",Reuters Archive,2026-03-15T07:45:00+00:00,https://dataset.local/analysts-track-player-workload-before-major-tournament-watch,en,Sports,train
c34fc74992c2,Analysts track player workload before major tournament Briefing,"Sports analysts reviewed training data, player workload, injury management, and tournament rotation plans as the coaching staff prepared for knockout matches. Team staff monitored workload balance, injury prevention, and knockout-stage readiness.",Reuters Archive,2026-03-25T07:45:00+00:00,https://dataset.local/analysts-track-player-workload-before-major-tournament-briefing,en,Sports,validation
c562377dd4e2,League final draws record audience and sponsorship demand Snapshot,"The league final attracted record audience figures, sponsorship demand, merchandise sales, and global broadcast attention after a high-scoring team performance. Performance analysts reviewed match tempo, player recovery, and tournament preparation metrics.",CNN Archive,2026-02-26T20:05:00+00:00,https://dataset.local/league-final-draws-record-audience-and-sponsorship-demand-snapshot,en,Sports,train
8e446bbf12af,League final draws record audience and sponsorship demand Outlook,"The league final attracted record audience figures, sponsorship demand, merchandise sales, and global broadcast attention after a high-scoring team performance. Coaches adjusted training intensity, squad rotation, and tactical shape before the next fixture.",CNN Archive,2026-03-08T20:05:00+00:00,https://dataset.local/league-final-draws-record-audience-and-sponsorship-demand-outlook,en,Sports,train
f67c997e0799,League final draws record audience and sponsorship demand Watch,"The league final attracted record audience figures, sponsorship demand, merchandise sales, and global broadcast attention after a high-scoring team performance. Broadcast partners highlighted fan engagement, score momentum, and sponsorship impact.",CNN Archive,2026-03-18T20:05:00+00:00,https://dataset.local/league-final-draws-record-audience-and-sponsorship-demand-watch,en,Sports,train
459079ca640f,League final draws record audience and sponsorship demand Briefing,"The league final attracted record audience figures, sponsorship demand, merchandise sales, and global broadcast attention after a high-scoring team performance. Team staff monitored workload balance, injury prevention, and knockout-stage readiness.",CNN Archive,2026-03-28T20:05:00+00:00,https://dataset.local/league-final-draws-record-audience-and-sponsorship-demand-briefing,en,Sports,validation
6c0ba98797da,AI startup launches diagnostic platform for hospitals Snapshot,"An AI startup launched clinical software for hospitals, combining machine learning, medical imaging support, workflow automation, and analytics for faster diagnosis. Product teams scaled software deployment, AI experimentation, and enterprise platform integration.",Reuters Archive,2026-02-18T06:50:00+00:00,https://dataset.local/ai-startup-launches-diagnostic-platform-for-hospitals-snapshot,en,Technology,train
24744aaddf4c,AI startup launches diagnostic platform for hospitals Outlook,"An AI startup launched clinical software for hospitals, combining machine learning, medical imaging support, workflow automation, and analytics for faster diagnosis. Engineers benchmarked automation pipelines, compute efficiency, and cloud reliability targets.",Reuters Archive,2026-02-28T06:50:00+00:00,https://dataset.local/ai-startup-launches-diagnostic-platform-for-hospitals-outlook,en,Technology,train
c9f350e09749,AI startup launches diagnostic platform for hospitals Watch,"An AI startup launched clinical software for hospitals, combining machine learning, medical imaging support, workflow automation, and analytics for faster diagnosis. Investors tracked startup adoption, semiconductor demand, and data platform expansion.",Reuters Archive,2026-03-10T06:50:00+00:00,https://dataset.local/ai-startup-launches-diagnostic-platform-for-hospitals-watch,en,Technology,train
3179df019ce8,AI startup launches diagnostic platform for hospitals Briefing,"An AI startup launched clinical software for hospitals, combining machine learning, medical imaging support, workflow automation, and analytics for faster diagnosis. Researchers validated model performance, robotics workflows, and cybersecurity hardening efforts.",Reuters Archive,2026-03-20T06:50:00+00:00,https://dataset.local/ai-startup-launches-diagnostic-platform-for-hospitals-briefing,en,Technology,validation
c734a6b9ad84,Cloud vendors compete over enterprise automation tools Snapshot,"Technology companies expanded cloud automation tools, developer platforms, cybersecurity monitoring, and software integration features for large enterprise clients. Product teams scaled software deployment, AI experimentation, and enterprise platform integration.",BBC Archive,2026-02-20T11:20:00+00:00,https://dataset.local/cloud-vendors-compete-over-enterprise-automation-tools-snapshot,en,Technology,train
4ef83addb532,Cloud vendors compete over enterprise automation tools Outlook,"Technology companies expanded cloud automation tools, developer platforms, cybersecurity monitoring, and software integration features for large enterprise clients. Engineers benchmarked automation pipelines, compute efficiency, and cloud reliability targets.",BBC Archive,2026-03-02T11:20:00+00:00,https://dataset.local/cloud-vendors-compete-over-enterprise-automation-tools-outlook,en,Technology,train
cb87fd8ae781,Cloud vendors compete over enterprise automation tools Watch,"Technology companies expanded cloud automation tools, developer platforms, cybersecurity monitoring, and software integration features for large enterprise clients. Investors tracked startup adoption, semiconductor demand, and data platform expansion.",BBC Archive,2026-03-12T11:20:00+00:00,https://dataset.local/cloud-vendors-compete-over-enterprise-automation-tools-watch,en,Technology,train
85ab37c0bda4,Cloud vendors compete over enterprise automation tools Briefing,"Technology companies expanded cloud automation tools, developer platforms, cybersecurity monitoring, and software integration features for large enterprise clients. Researchers validated model performance, robotics workflows, and cybersecurity hardening efforts.",BBC Archive,2026-03-22T11:20:00+00:00,https://dataset.local/cloud-vendors-compete-over-enterprise-automation-tools-briefing,en,Technology,validation
a510479764c3,Chipmakers accelerate investment in data center hardware Snapshot,"Chipmakers announced investment in data center hardware, AI accelerators, semiconductor capacity, and efficient software stacks for enterprise inference workloads. Product teams scaled software deployment, AI experimentation, and enterprise platform integration.",CNN Archive,2026-02-22T13:00:00+00:00,https://dataset.local/chipmakers-accelerate-investment-in-data-center-hardware-snapshot,en,Technology,train
814d513f7866,Chipmakers accelerate investment in data center hardware Outlook,"Chipmakers announced investment in data center hardware, AI accelerators, semiconductor capacity, and efficient software stacks for enterprise inference workloads. Engineers benchmarked automation pipelines, compute efficiency, and cloud reliability targets.",CNN Archive,2026-03-04T13:00:00+00:00,https://dataset.local/chipmakers-accelerate-investment-in-data-center-hardware-outlook,en,Technology,train
19cdd8179c9b,Chipmakers accelerate investment in data center hardware Watch,"Chipmakers announced investment in data center hardware, AI accelerators, semiconductor capacity, and efficient software stacks for enterprise inference workloads. Investors tracked startup adoption, semiconductor demand, and data platform expansion.",CNN Archive,2026-03-14T13:00:00+00:00,https://dataset.local/chipmakers-accelerate-investment-in-data-center-hardware-watch,en,Technology,train
681b90f7eca8,Chipmakers accelerate investment in data center hardware Briefing,"Chipmakers announced investment in data center hardware, AI accelerators, semiconductor capacity, and efficient software stacks for enterprise inference workloads. Researchers validated model performance, robotics workflows, and cybersecurity hardening efforts.",CNN Archive,2026-03-24T13:00:00+00:00,https://dataset.local/chipmakers-accelerate-investment-in-data-center-hardware-briefing,en,Technology,validation
6fb82627d997,University lab partners with startup on robotics software Snapshot,"Researchers partnered with a robotics startup to test autonomous software, simulation pipelines, machine learning models, and industrial inspection workflows. Product teams scaled software deployment, AI experimentation, and enterprise platform integration.",BBC Archive,2026-02-25T15:10:00+00:00,https://dataset.local/university-lab-partners-with-startup-on-robotics-software-snapshot,en,Technology,train
57d8e8cda43f,University lab partners with startup on robotics software Outlook,"Researchers partnered with a robotics startup to test autonomous software, simulation pipelines, machine learning models, and industrial inspection workflows. Engineers benchmarked automation pipelines, compute efficiency, and cloud reliability targets.",BBC Archive,2026-03-07T15:10:00+00:00,https://dataset.local/university-lab-partners-with-startup-on-robotics-software-outlook,en,Technology,train
949f181947a1,University lab partners with startup on robotics software Watch,"Researchers partnered with a robotics startup to test autonomous software, simulation pipelines, machine learning models, and industrial inspection workflows. Investors tracked startup adoption, semiconductor demand, and data platform expansion.",BBC Archive,2026-03-17T15:10:00+00:00,https://dataset.local/university-lab-partners-with-startup-on-robotics-software-watch,en,Technology,train
09542cf0b7ea,University lab partners with startup on robotics software Briefing,"Researchers partnered with a robotics startup to test autonomous software, simulation pipelines, machine learning models, and industrial inspection workflows. Researchers validated model performance, robotics workflows, and cybersecurity hardening efforts.",BBC Archive,2026-03-27T15:10:00+00:00,https://dataset.local/university-lab-partners-with-startup-on-robotics-software-briefing,en,Technology,validation
b8cdbbd82ab2,Markets rally as central bank signals slower rate path Snapshot,"Global markets rallied after the central bank signaled a slower interest rate path, lifting equities, bond sentiment, banking stocks, and corporate borrowing confidence. Executives assessed margin pressure, digital demand, and cross-border financing conditions.",Reuters Archive,2026-02-19T16:00:00+00:00,https://dataset.local/markets-rally-as-central-bank-signals-slower-rate-path-snapshot,en,Business,train
c6e0d9cb74db,Markets rally as central bank signals slower rate path Outlook,"Global markets rallied after the central bank signaled a slower interest rate path, lifting equities, bond sentiment, banking stocks, and corporate borrowing confidence. Market analysts tracked earnings guidance, export demand, and inventory management signals.",Reuters Archive,2026-03-01T16:00:00+00:00,https://dataset.local/markets-rally-as-central-bank-signals-slower-rate-path-outlook,en,Business,train
e2e55c23c7bf,Markets rally as central bank signals slower rate path Watch,"Global markets rallied after the central bank signaled a slower interest rate path, lifting equities, bond sentiment, banking stocks, and corporate borrowing confidence. Finance teams reviewed lending appetite, supply chain costs, and consumer confidence indicators.",Reuters Archive,2026-03-11T16:00:00+00:00,https://dataset.local/markets-rally-as-central-bank-signals-slower-rate-path-watch,en,Business,train
fcc8e32efa76,Markets rally as central bank signals slower rate path Briefing,"Global markets rallied after the central bank signaled a slower interest rate path, lifting equities, bond sentiment, banking stocks, and corporate borrowing confidence. Investors compared borrowing conditions, retail momentum, and logistics capacity planning.",Reuters Archive,2026-03-21T16:00:00+00:00,https://dataset.local/markets-rally-as-central-bank-signals-slower-rate-path-briefing,en,Business,validation
10f2bd382fa8,Retail earnings beat forecasts on strong digital sales Snapshot,"Retail groups posted stronger earnings, citing digital sales, supply chain improvement, consumer demand, and disciplined inventory management during the quarter. Executives assessed margin pressure, digital demand, and cross-border financing conditions.",CNN Archive,2026-02-21T17:25:00+00:00,https://dataset.local/retail-earnings-beat-forecasts-on-strong-digital-sales-snapshot,en,Business,train
28dae7b8da71,Retail earnings beat forecasts on strong digital sales Outlook,"Retail groups posted stronger earnings, citing digital sales, supply chain improvement, consumer demand, and disciplined inventory management during the quarter. Market analysts tracked earnings guidance, export demand, and inventory management signals.",CNN Archive,2026-03-03T17:25:00+00:00,https://dataset.local/retail-earnings-beat-forecasts-on-strong-digital-sales-outlook,en,Business,train
115bf7657e7c,Retail earnings beat forecasts on strong digital sales Watch,"Retail groups posted stronger earnings, citing digital sales, supply chain improvement, consumer demand, and disciplined inventory management during the quarter. Finance teams reviewed lending appetite, supply chain costs, and consumer confidence indicators.",CNN Archive,2026-03-13T17:25:00+00:00,https://dataset.local/retail-earnings-beat-forecasts-on-strong-digital-sales-watch,en,Business,train
7f9702e66931,Retail earnings beat forecasts on strong digital sales Briefing,"Retail groups posted stronger earnings, citing digital sales, supply chain improvement, consumer demand, and disciplined inventory management during the quarter. Investors compared borrowing conditions, retail momentum, and logistics capacity planning.",CNN Archive,2026-03-23T17:25:00+00:00,https://dataset.local/retail-earnings-beat-forecasts-on-strong-digital-sales-briefing,en,Business,validation
9e2892e2f087,Logistics firms warn of freight pressure and export delays Snapshot,"Logistics firms warned that freight pressure, export delays, shipping costs, and warehouse congestion could squeeze profit margins for manufacturers and retailers. Executives assessed margin pressure, digital demand, and cross-border financing conditions.",BBC Archive,2026-02-24T08:40:00+00:00,https://dataset.local/logistics-firms-warn-of-freight-pressure-and-export-delays-snapshot,en,Business,train
a175de8a89f9,Logistics firms warn of freight pressure and export delays Outlook,"Logistics firms warned that freight pressure, export delays, shipping costs, and warehouse congestion could squeeze profit margins for manufacturers and retailers. Market analysts tracked earnings guidance, export demand, and inventory management signals.",BBC Archive,2026-03-06T08:40:00+00:00,https://dataset.local/logistics-firms-warn-of-freight-pressure-and-export-delays-outlook,en,Business,train
5b35b9133f98,Logistics firms warn of freight pressure and export delays Watch,"Logistics firms warned that freight pressure, export delays, shipping costs, and warehouse congestion could squeeze profit margins for manufacturers and retailers. Finance teams reviewed lending appetite, supply chain costs, and consumer confidence indicators.",BBC Archive,2026-03-16T08:40:00+00:00,https://dataset.local/logistics-firms-warn-of-freight-pressure-and-export-delays-watch,en,Business,train
1e74d368b82b,Logistics firms warn of freight pressure and export delays Briefing,"Logistics firms warned that freight pressure, export delays, shipping costs, and warehouse congestion could squeeze profit margins for manufacturers and retailers. Investors compared borrowing conditions, retail momentum, and logistics capacity planning.",BBC Archive,2026-03-26T08:40:00+00:00,https://dataset.local/logistics-firms-warn-of-freight-pressure-and-export-delays-briefing,en,Business,validation
3cc66aeb3229,Fintech lenders target small business cash-flow gap Snapshot,"Fintech lenders rolled out small business finance products focused on cash-flow forecasting, digital underwriting, repayment flexibility, and growth capital access. Executives assessed margin pressure, digital demand, and cross-border financing conditions.",Reuters Archive,2026-02-27T09:55:00+00:00,https://dataset.local/fintech-lenders-target-small-business-cash-flow-gap-snapshot,en,Business,train
7f9477d4999b,Fintech lenders target small business cash-flow gap Outlook,"Fintech lenders rolled out small business finance products focused on cash-flow forecasting, digital underwriting, repayment flexibility, and growth capital access. Market analysts tracked earnings guidance, export demand, and inventory management signals.",Reuters Archive,2026-03-09T09:55:00+00:00,https://dataset.local/fintech-lenders-target-small-business-cash-flow-gap-outlook,en,Business,train
79e958d92e71,Fintech lenders target small business cash-flow gap Watch,"Fintech lenders rolled out small business finance products focused on cash-flow forecasting, digital underwriting, repayment flexibility, and growth capital access. Finance teams reviewed lending appetite, supply chain costs, and consumer confidence indicators.",Reuters Archive,2026-03-19T09:55:00+00:00,https://dataset.local/fintech-lenders-target-small-business-cash-flow-gap-watch,en,Business,train
3031d12f2d52,Fintech lenders target small business cash-flow gap Briefing,"Fintech lenders rolled out small business finance products focused on cash-flow forecasting, digital underwriting, repayment flexibility, and growth capital access. Investors compared borrowing conditions, retail momentum, and logistics capacity planning.",Reuters Archive,2026-03-29T09:55:00+00:00,https://dataset.local/fintech-lenders-target-small-business-cash-flow-gap-briefing,en,Business,validation
7abd7864e0da,Hospitals scale vaccine outreach in rural districts Snapshot,"Hospitals expanded vaccine outreach, rural clinics, public health education, and preventive care appointments to improve immunization coverage across districts. Hospital leaders coordinated staffing plans, preventive care outreach, and patient monitoring capacity.",BBC Archive,2026-02-18T05:35:00+00:00,https://dataset.local/hospitals-scale-vaccine-outreach-in-rural-districts-snapshot,en,Health,train
b1184b923224,Hospitals scale vaccine outreach in rural districts Outlook,"Hospitals expanded vaccine outreach, rural clinics, public health education, and preventive care appointments to improve immunization coverage across districts. Clinical teams reviewed trial progress, digital care access, and vaccination follow-up programs.",BBC Archive,2026-02-28T05:35:00+00:00,https://dataset.local/hospitals-scale-vaccine-outreach-in-rural-districts-outlook,en,Health,train
12efd1112993,Hospitals scale vaccine outreach in rural districts Watch,"Hospitals expanded vaccine outreach, rural clinics, public health education, and preventive care appointments to improve immunization coverage across districts. Public health agencies examined recovery outcomes, care equity, and community guidance updates.",BBC Archive,2026-03-10T05:35:00+00:00,https://dataset.local/hospitals-scale-vaccine-outreach-in-rural-districts-watch,en,Health,train
1ef620913a67,Hospitals scale vaccine outreach in rural districts Briefing,"Hospitals expanded vaccine outreach, rural clinics, public health education, and preventive care appointments to improve immunization coverage across districts. Medical networks expanded telemedicine pathways, diagnostics support, and rural service coverage.",BBC Archive,2026-03-20T05:35:00+00:00,https://dataset.local/hospitals-scale-vaccine-outreach-in-rural-districts-briefing,en,Health,validation
ba2c9328dade,Researchers report progress in antiviral treatment trial Snapshot,"Medical researchers reported encouraging antiviral trial data, improved patient recovery, laboratory validation, and broader healthcare planning for infectious disease control. Hospital leaders coordinated staffing plans, preventive care outreach, and patient monitoring capacity.",CNN Archive,2026-02-22T09:30:00+00:00,https://dataset.local/researchers-report-progress-in-antiviral-treatment-trial-snapshot,en,Health,train
c901469b6625,Researchers report progress in antiviral treatment trial Outlook,"Medical researchers reported encouraging antiviral trial data, improved patient recovery, laboratory validation, and broader healthcare planning for infectious disease control. Clinical teams reviewed trial progress, digital care access, and vaccination follow-up programs.",CNN Archive,2026-03-04T09:30:00+00:00,https://dataset.local/researchers-report-progress-in-antiviral-treatment-trial-outlook,en,Health,train
152c0a53d5a5,Researchers report progress in antiviral treatment trial Watch,"Medical researchers reported encouraging antiviral trial data, improved patient recovery, laboratory validation, and broader healthcare planning for infectious disease control. Public health agencies examined recovery outcomes, care equity, and community guidance updates.",CNN Archive,2026-03-14T09:30:00+00:00,https://dataset.local/researchers-report-progress-in-antiviral-treatment-trial-watch,en,Health,train
e7cdde8edbad,Researchers report progress in antiviral treatment trial Briefing,"Medical researchers reported encouraging antiviral trial data, improved patient recovery, laboratory validation, and broader healthcare planning for infectious disease control. Medical networks expanded telemedicine pathways, diagnostics support, and rural service coverage.",CNN Archive,2026-03-24T09:30:00+00:00,https://dataset.local/researchers-report-progress-in-antiviral-treatment-trial-briefing,en,Health,validation
17a362e75a3a,Public health dashboard flags seasonal respiratory surge Snapshot,"A public health dashboard flagged a seasonal respiratory surge, prompting hospitals to review staffing, emergency care capacity, medical supplies, and community guidance. Hospital leaders coordinated staffing plans, preventive care outreach, and patient monitoring capacity.",Reuters Archive,2026-02-24T19:15:00+00:00,https://dataset.local/public-health-dashboard-flags-seasonal-respiratory-surge-snapshot,en,Health,train
940658cb05ad,Public health dashboard flags seasonal respiratory surge Outlook,"A public health dashboard flagged a seasonal respiratory surge, prompting hospitals to review staffing, emergency care capacity, medical supplies, and community guidance. Clinical teams reviewed trial progress, digital care access, and vaccination follow-up programs.",Reuters Archive,2026-03-06T19:15:00+00:00,https://dataset.local/public-health-dashboard-flags-seasonal-respiratory-surge-outlook,en,Health,train
1e560695a832,Public health dashboard flags seasonal respiratory surge Watch,"A public health dashboard flagged a seasonal respiratory surge, prompting hospitals to review staffing, emergency care capacity, medical supplies, and community guidance. Public health agencies examined recovery outcomes, care equity, and community guidance updates.",Reuters Archive,2026-03-16T19:15:00+00:00,https://dataset.local/public-health-dashboard-flags-seasonal-respiratory-surge-watch,en,Health,train
24c21b65a469,Public health dashboard flags seasonal respiratory surge Briefing,"A public health dashboard flagged a seasonal respiratory surge, prompting hospitals to review staffing, emergency care capacity, medical supplies, and community guidance. Medical networks expanded telemedicine pathways, diagnostics support, and rural service coverage.",Reuters Archive,2026-03-26T19:15:00+00:00,https://dataset.local/public-health-dashboard-flags-seasonal-respiratory-surge-briefing,en,Health,validation
e99a3513bf06,Insurance providers expand telemedicine support benefits Snapshot,"Insurance providers expanded telemedicine support, digital care reimbursement, mental health access, and remote consultation benefits for patients and doctors. Hospital leaders coordinated staffing plans, preventive care outreach, and patient monitoring capacity.",BBC Archive,2026-02-26T10:05:00+00:00,https://dataset.local/insurance-providers-expand-telemedicine-support-benefits-snapshot,en,Health,train
e3b08baff36e,Insurance providers expand telemedicine support benefits Outlook,"Insurance providers expanded telemedicine support, digital care reimbursement, mental health access, and remote consultation benefits for patients and doctors. Clinical teams reviewed trial progress, digital care access, and vaccination follow-up programs.",BBC Archive,2026-03-08T10:05:00+00:00,https://dataset.local/insurance-providers-expand-telemedicine-support-benefits-outlook,en,Health,train
02f91658763c,Insurance providers expand telemedicine support benefits Watch,"Insurance providers expanded telemedicine support, digital care reimbursement, mental health access, and remote consultation benefits for patients and doctors. Public health agencies examined recovery outcomes, care equity, and community guidance updates.",BBC Archive,2026-03-18T10:05:00+00:00,https://dataset.local/insurance-providers-expand-telemedicine-support-benefits-watch,en,Health,train
6ceb8cb65e33,Insurance providers expand telemedicine support benefits Briefing,"Insurance providers expanded telemedicine support, digital care reimbursement, mental health access, and remote consultation benefits for patients and doctors. Medical networks expanded telemedicine pathways, diagnostics support, and rural service coverage.",BBC Archive,2026-03-28T10:05:00+00:00,https://dataset.local/insurance-providers-expand-telemedicine-support-benefits-briefing,en,Health,validation
c09a9f920906,Cities brace for heatwave with new water resilience plans Snapshot,"City officials introduced climate resilience plans covering water storage, urban heat mitigation, drought preparation, and emergency energy management ahead of a heatwave. City planners refined resilience funding, weather forecasting, and infrastructure readiness measures.",CNN Archive,2026-02-19T06:25:00+00:00,https://dataset.local/cities-brace-for-heatwave-with-new-water-resilience-plans-snapshot,en,Climate,train
52f984d2d59c,Cities brace for heatwave with new water resilience plans Outlook,"City officials introduced climate resilience plans covering water storage, urban heat mitigation, drought preparation, and emergency energy management ahead of a heatwave. Energy and agriculture groups tracked drought signals, water storage, and renewable deployment trends.",CNN Archive,2026-03-01T06:25:00+00:00,https://dataset.local/cities-brace-for-heatwave-with-new-water-resilience-plans-outlook,en,Climate,train
878d02991f0a,Cities brace for heatwave with new water resilience plans Watch,"City officials introduced climate resilience plans covering water storage, urban heat mitigation, drought preparation, and emergency energy management ahead of a heatwave. Emergency teams stress-tested flood barriers, heat response plans, and coastal protection systems.",CNN Archive,2026-03-11T06:25:00+00:00,https://dataset.local/cities-brace-for-heatwave-with-new-water-resilience-plans-watch,en,Climate,train
d8fe7a623211,Cities brace for heatwave with new water resilience plans Briefing,"City officials introduced climate resilience plans covering water storage, urban heat mitigation, drought preparation, and emergency energy management ahead of a heatwave. Climate analysts monitored seasonal risks, carbon targets, and resource allocation priorities.",CNN Archive,2026-03-21T06:25:00+00:00,https://dataset.local/cities-brace-for-heatwave-with-new-water-resilience-plans-briefing,en,Climate,validation
76476e5bc8df,Energy groups invest in offshore wind expansion Snapshot,"Energy groups increased investment in offshore wind, renewable infrastructure, carbon reduction, and climate targets as governments promoted cleaner power systems. City planners refined resilience funding, weather forecasting, and infrastructure readiness measures.",Reuters Archive,2026-02-21T11:45:00+00:00,https://dataset.local/energy-groups-invest-in-offshore-wind-expansion-snapshot,en,Climate,train
6d945db5c362,Energy groups invest in offshore wind expansion Outlook,"Energy groups increased investment in offshore wind, renewable infrastructure, carbon reduction, and climate targets as governments promoted cleaner power systems. Energy and agriculture groups tracked drought signals, water storage, and renewable deployment trends.",Reuters Archive,2026-03-03T11:45:00+00:00,https://dataset.local/energy-groups-invest-in-offshore-wind-expansion-outlook,en,Climate,train
2161ae3d5531,Energy groups invest in offshore wind expansion Watch,"Energy groups increased investment in offshore wind, renewable infrastructure, carbon reduction, and climate targets as governments promoted cleaner power systems. Emergency teams stress-tested flood barriers, heat response plans, and coastal protection systems.",Reuters Archive,2026-03-13T11:45:00+00:00,https://dataset.local/energy-groups-invest-in-offshore-wind-expansion-watch,en,Climate,train
5f16db060617,Energy groups invest in offshore wind expansion Briefing,"Energy groups increased investment in offshore wind, renewable infrastructure, carbon reduction, and climate targets as governments promoted cleaner power systems. Climate analysts monitored seasonal risks, carbon targets, and resource allocation priorities.",Reuters Archive,2026-03-23T11:45:00+00:00,https://dataset.local/energy-groups-invest-in-offshore-wind-expansion-briefing,en,Climate,validation
5d77f240301b,Farmers seek climate support after irregular rainfall Snapshot,"Farmers requested climate support, crop insurance, irrigation upgrades, and weather forecasting tools after irregular rainfall disrupted planting cycles and yields. City planners refined resilience funding, weather forecasting, and infrastructure readiness measures.",BBC Archive,2026-02-23T12:35:00+00:00,https://dataset.local/farmers-seek-climate-support-after-irregular-rainfall-snapshot,en,Climate,train
28ba9c649fe1,Farmers seek climate support after irregular rainfall Outlook,"Farmers requested climate support, crop insurance, irrigation upgrades, and weather forecasting tools after irregular rainfall disrupted planting cycles and yields. Energy and agriculture groups tracked drought signals, water storage, and renewable deployment trends.",BBC Archive,2026-03-05T12:35:00+00:00,https://dataset.local/farmers-seek-climate-support-after-irregular-rainfall-outlook,en,Climate,train
d742e8638773,Farmers seek climate support after irregular rainfall Watch,"Farmers requested climate support, crop insurance, irrigation upgrades, and weather forecasting tools after irregular rainfall disrupted planting cycles and yields. Emergency teams stress-tested flood barriers, heat response plans, and coastal protection systems.",BBC Archive,2026-03-15T12:35:00+00:00,https://dataset.local/farmers-seek-climate-support-after-irregular-rainfall-watch,en,Climate,train
d8493993711a,Farmers seek climate support after irregular rainfall Briefing,"Farmers requested climate support, crop insurance, irrigation upgrades, and weather forecasting tools after irregular rainfall disrupted planting cycles and yields. Climate analysts monitored seasonal risks, carbon targets, and resource allocation priorities.",BBC Archive,2026-03-25T12:35:00+00:00,https://dataset.local/farmers-seek-climate-support-after-irregular-rainfall-briefing,en,Climate,validation
f64fb395d82c,Coastal engineers test flood barriers before storm season Snapshot,"Coastal engineers tested flood barriers, storm drainage systems, sea-level defenses, and disaster planning scenarios before the next storm season. City planners refined resilience funding, weather forecasting, and infrastructure readiness measures.",CNN Archive,2026-02-27T13:20:00+00:00,https://dataset.local/coastal-engineers-test-flood-barriers-before-storm-season-snapshot,en,Climate,train
0a942b8bf387,Coastal engineers test flood barriers before storm season Outlook,"Coastal engineers tested flood barriers, storm drainage systems, sea-level defenses, and disaster planning scenarios before the next storm season. Energy and agriculture groups tracked drought signals, water storage, and renewable deployment trends.",CNN Archive,2026-03-09T13:20:00+00:00,https://dataset.local/coastal-engineers-test-flood-barriers-before-storm-season-outlook,en,Climate,train
c14230bdd365,Coastal engineers test flood barriers before storm season Watch,"Coastal engineers tested flood barriers, storm drainage systems, sea-level defenses, and disaster planning scenarios before the next storm season. Emergency teams stress-tested flood barriers, heat response plans, and coastal protection systems.",CNN Archive,2026-03-19T13:20:00+00:00,https://dataset.local/coastal-engineers-test-flood-barriers-before-storm-season-watch,en,Climate,train
17d75c5215dd,Coastal engineers test flood barriers before storm season Briefing,"Coastal engineers tested flood barriers, storm drainage systems, sea-level defenses, and disaster planning scenarios before the next storm season. Climate analysts monitored seasonal risks, carbon targets, and resource allocation priorities.",CNN Archive,2026-03-29T13:20:00+00:00,https://dataset.local/coastal-engineers-test-flood-barriers-before-storm-season-briefing,en,Climate,validation
